<?xml version="1.0" ?>
<LOG_ROOT>
	<PROJECT NAME="timer">
		<CBX_INST_ENTRY INSTANCE_NAME="|timer|lpm_divide:Div1" CBX_FILE_NAME="lpm_divide_qhm.tdf"/>
		<CBX_INST_ENTRY INSTANCE_NAME="|timer|lpm_divide:Mod0" CBX_FILE_NAME="lpm_divide_bbm.tdf"/>
		<CBX_INST_ENTRY INSTANCE_NAME="|timer|lpm_divide:Mod2" CBX_FILE_NAME="lpm_divide_bbm.tdf"/>
		<CBX_INST_ENTRY INSTANCE_NAME="|timer|lpm_divide:Div0" CBX_FILE_NAME="lpm_divide_4jm.tdf"/>
		<CBX_INST_ENTRY INSTANCE_NAME="|timer|lpm_divide:Div2" CBX_FILE_NAME="lpm_divide_nhm.tdf"/>
		<CBX_INST_ENTRY INSTANCE_NAME="|timer|lpm_divide:Mod1" CBX_FILE_NAME="lpm_divide_bbm.tdf"/>
	</PROJECT>
</LOG_ROOT>
